{"topic":0,"termIndices":[919,1610,1437,3345,3832],"termWeights":[0.007542613632809795,0.006696453958573161,0.005870253923871384,0.005287525027487971,0.004995723988851344]}
{"topic":1,"termIndices":[2318,2806,3842,5240,3440],"termWeights":[0.021834288103803223,0.008238777497454058,0.006659051140110909,0.004339717938739194,0.0038025607472222914]}
{"topic":2,"termIndices":[1618,2011,1479,3495,818],"termWeights":[0.009510864068430162,0.009419513145196175,0.008713006308136432,0.0068545003959892365,0.00524613868752888]}
{"topic":3,"termIndices":[1888,1936,1678,3155,1948],"termWeights":[0.011854478253643991,0.0098355394614799,0.009323947407208384,0.007573678671624949,0.0061708537563272756]}
{"topic":4,"termIndices":[5501,3483,3416,3470,4185],"termWeights":[0.004804819064342733,0.0042643842423354264,0.004110459205082323,0.003641009973940666,0.003593647315436585]}
{"topic":5,"termIndices":[2168,2862,5589,3527,2174],"termWeights":[0.009502376765192545,0.009453417629080738,0.00676638036222747,0.005938544761892384,0.0057051667415871]}
{"topic":6,"termIndices":[1140,7644,4643,6401,5789],"termWeights":[0.01759204791978121,0.004647526102178986,0.004065037789758621,0.0032487485064720293,0.0027585864749537802]}
{"topic":7,"termIndices":[4544,5113,2260,4208,2880],"termWeights":[0.006450801215470645,0.005080689209802623,0.004782490753934756,0.004129346283517741,0.00405689846447929]}
{"topic":8,"termIndices":[624,2042,2597,3086,2154],"termWeights":[0.013115941906882112,0.007254849963502515,0.006223136871326181,0.005171434352449451,0.005133874603769353]}
{"topic":9,"termIndices":[268,258,533,128,123],"termWeights":[0.0032297850976057215,0.0027469334953479684,0.002481048973705177,0.002455559517324359,0.0023730225347458134]}
{"topic":10,"termIndices":[19,10,3,2,1],"termWeights":[0.002650500002711019,0.0026396051829841722,0.002600740700045555,0.0025854284484761927,0.002584609224900857]}
{"topic":11,"termIndices":[2035,4651,6531,4553,2743],"termWeights":[0.0107155762008981,0.0032218744429621834,0.0030831525143085237,0.0026419793572384923,0.002423029610780234]}
{"topic":12,"termIndices":[1660,899,3705,4015,3800],"termWeights":[0.008106081283234859,0.0036352547258373348,0.0035889301575873704,0.003203123344763599,0.0031984125890919704]}
{"topic":13,"termIndices":[1345,1760,2399,739,1380],"termWeights":[0.0068224960211381415,0.006664733801092474,0.005301531204391808,0.004217807535812985,0.004199936934128719]}
{"topic":14,"termIndices":[1141,1931,8049,5289,5889],"termWeights":[0.01883502674601928,0.009994811111299866,0.003733298289276437,0.003435547076179703,0.0028892579008990157]}
{"topic":15,"termIndices":[3601,6721,1422,1076,551],"termWeights":[0.0033440334093777233,0.0023225112272201114,7.323320331335889E-4,7.306522626899991E-4,6.575071017707861E-4]}
{"topic":16,"termIndices":[2268,1904,3525,3134,1915],"termWeights":[0.005599672356755819,0.00534632555366096,0.004933362846802863,0.003788565158955986,0.0037174161819415598]}
{"topic":17,"termIndices":[1100,3917,314,2051,3442],"termWeights":[0.01786348535404439,0.010134464123205846,0.009199033138689755,0.006334121032232284,0.005496525989781194]}
{"topic":18,"termIndices":[1067,2725,3039,4207,930],"termWeights":[0.011758984286081296,0.008040359630105237,0.006355311334871886,0.004873664659538919,0.0037290413602035525]}
{"topic":19,"termIndices":[3570,2136,5689,4965,3946],"termWeights":[0.01040763507632282,0.007659823179736807,0.00544656483178083,0.0047919036857820415,0.0034980924933291874]}
