{"topic":40,"termIndices":[6005,2070,3896,7166,1803],"termWeights":[0.007591504558694399,0.005734658975007117,0.0050624715190135065,0.0041619054482712765,0.003128077095284273]}
{"topic":41,"termIndices":[3866,3869,3362,3226,2528],"termWeights":[0.007757594748532762,0.007251710865710871,0.005870919525067163,0.005398427136810382,0.005350757115126354]}
{"topic":42,"termIndices":[1619,3313,2328,3979,4100],"termWeights":[0.009987617105782779,0.007631875840745039,0.0063268667730696495,0.004669532734115797,0.004322758256383597]}
{"topic":43,"termIndices":[2793,2906,3489,4209,2658],"termWeights":[0.010899164628639527,0.008287738960821666,0.006268080384170498,0.006060502753754844,0.006032465808667095]}
{"topic":44,"termIndices":[1851,2301,1490,3194,2907],"termWeights":[0.012700262518462669,0.008422346108749262,0.008115102522417048,0.0074996059221961835,0.004886132886507022]}
{"topic":45,"termIndices":[684,1471,4316,2612,2086],"termWeights":[0.013431012638088451,0.011123662335179264,0.010328104430105843,0.009816884407921974,0.008467978793524098]}
{"topic":46,"termIndices":[1086,748,151,1134,536],"termWeights":[0.01036608908529409,0.008481862373140012,0.006431639125234692,0.005061363788040885,0.004954550255370605]}
{"topic":47,"termIndices":[1105,653,4495,1672,2154],"termWeights":[0.01333630394916871,0.012194711193505778,0.006950356822239594,0.006372859829598091,0.0060349125074505]}
{"topic":48,"termIndices":[6603,6308,5806,4138,6518],"termWeights":[0.00441267361145487,0.004404234213625925,0.0030711761916513997,0.0026508639052877916,0.001931960537197076]}
{"topic":49,"termIndices":[1450,5052,6481,6577,2428],"termWeights":[0.011169893026806287,0.0036577449292190607,0.0032225765114353238,0.0018572873758811365,0.0017136254370832815]}
{"topic":50,"termIndices":[3150,5177,5489,5607,4833],"termWeights":[0.00712917547130663,0.005610705775151275,0.004357948058650107,0.002718877319264107,0.0021447965761129235]}
{"topic":51,"termIndices":[3256,3365,1937,1214,368],"termWeights":[0.006406143544170064,0.005880567002647717,0.004303252072365794,0.004288781579622918,0.004095924069573933]}
{"topic":52,"termIndices":[2792,3490,3885,1340,7417],"termWeights":[0.006159418470188563,0.0056418191424364396,0.0034261218334518547,0.002944067486316142,0.0022272942922027927]}
{"topic":53,"termIndices":[3976,5045,6785,375,602],"termWeights":[0.0012829301966936738,0.0011300778475509166,0.0010135742353049508,8.698133723845769E-4,7.617515418735525E-4]}
{"topic":54,"termIndices":[2743,565,3514,522,2857],"termWeights":[0.010006357273603805,0.009584422721945297,0.008590160580660014,0.0077113388440765976,0.005629687194396415]}
{"topic":55,"termIndices":[1096,4400,1856,5000,2892],"termWeights":[0.012942302295182749,0.005472845752515604,0.0052222440294981505,0.004753320681243806,0.003366627801645267]}
{"topic":56,"termIndices":[485,925,1474,87,827],"termWeights":[0.006712925799267052,0.0034549151717380103,0.0030502342403596035,0.002849017676383267,0.002797858753078547]}
{"topic":57,"termIndices":[1468,6940,1866,6309,5461],"termWeights":[0.018880369605112968,0.0034506155809421986,0.0032670804772022923,0.002917342721640593,0.00230818091638898]}
{"topic":58,"termIndices":[6431,6636,5179,8365,5610],"termWeights":[0.00210293471467905,0.0020447976659864293,0.002014708699951899,0.0013241005164376025,0.0012644412909464903]}
{"topic":59,"termIndices":[2543,4889,7092,1417,2675],"termWeights":[0.0076506610304807425,0.006295076911351874,0.004240767391281126,0.003681914082484498,0.003120200906641204]}
