{"topic":20,"termIndices":[2,9,0,5,4],"termWeights":[0.0013210626166780704,0.0012643298653538797,0.0011305471794317138,0.0010623582234658643,0.0010335988668818544]}
{"topic":21,"termIndices":[5185,1646,3897,69,2048],"termWeights":[7.623122003145795E-4,7.407442466201382E-4,6.20026451411741E-4,5.884638019848655E-4,4.895914774073063E-4]}
{"topic":22,"termIndices":[1127,29,10,4253,713],"termWeights":[5.874108780714353E-4,5.698643355261623E-4,5.280946644665112E-4,5.162269380466184E-4,4.578498488835247E-4]}
{"topic":23,"termIndices":[2687,2,1,8,5],"termWeights":[0.0012426304989377912,0.0010297105973637807,7.889608289217339E-4,6.402134091588583E-4,6.304143440742949E-4]}
{"topic":24,"termIndices":[4000,40,65,1,10],"termWeights":[6.075716166994813E-4,4.6493662912656274E-4,3.949120701950778E-4,3.4886380189001363E-4,3.4715592853127485E-4]}
{"topic":25,"termIndices":[1104,2743,4533,2152,4517],"termWeights":[0.003405685530062917,0.0025378221528524207,0.0021901649386199384,0.002166249871028652,0.0015813327981733039]}
{"topic":26,"termIndices":[23,3,28,67,4],"termWeights":[8.042199933594719E-4,7.052904508836301E-4,6.586117148289384E-4,5.66285716550764E-4,5.659810705371548E-4]}
{"topic":27,"termIndices":[66,30,239,15,713],"termWeights":[3.2841217646464686E-4,2.703388235701768E-4,2.5767023070360427E-4,2.5766043012933037E-4,2.53558794977352E-4]}
{"topic":28,"termIndices":[7,13,9,33,3],"termWeights":[9.976799283509766E-4,9.330615314925466E-4,8.912608768585127E-4,8.189276616916468E-4,7.822649305664314E-4]}
{"topic":29,"termIndices":[3,3109,2,7,0],"termWeights":[9.81956661918039E-4,9.425176052263176E-4,9.026180572976309E-4,7.936950156089998E-4,7.040042825606465E-4]}
{"topic":30,"termIndices":[3,0,2,9,31],"termWeights":[0.0011310708029268171,8.397696373536591E-4,7.389941557361334E-4,5.910335017759246E-4,5.887081256247284E-4]}
{"topic":31,"termIndices":[1,2008,64,12,62],"termWeights":[0.0012435284153560551,0.0011532577526442872,9.364920046320975E-4,8.922421807285838E-4,8.565692561567839E-4]}
{"topic":32,"termIndices":[0,3,13,1,56],"termWeights":[0.001444850012560161,0.001282919626877956,0.0010384058013355156,9.579335001352335E-4,8.467848123227596E-4]}
{"topic":33,"termIndices":[5,1,10,2,3],"termWeights":[0.00226215909449897,0.0020805496746798694,0.0018744092654131258,0.0017412699859194135,0.0013207975495003793]}
{"topic":34,"termIndices":[0,28,4144,4,16],"termWeights":[9.813046877516854E-4,6.50481368967369E-4,6.270815384438397E-4,6.067602642707295E-4,5.166993500474444E-4]}
{"topic":35,"termIndices":[3,49,6583,22,21],"termWeights":[4.89440906066811E-4,3.36068933012964E-4,3.260460011407353E-4,3.176879290840427E-4,3.133298119906006E-4]}
{"topic":36,"termIndices":[23,19,4,14,1],"termWeights":[8.794066198529562E-4,7.754066815171349E-4,6.520281254677709E-4,6.434352195169877E-4,6.316455831733241E-4]}
{"topic":37,"termIndices":[35,2,5,33,20],"termWeights":[5.042349757729886E-4,4.764186348554898E-4,4.0910362272980616E-4,3.98895102449685E-4,3.91186883459222E-4]}
{"topic":38,"termIndices":[9,17,4,7,14],"termWeights":[7.408593703670604E-4,3.875166130784303E-4,3.299231567478758E-4,3.2639303875239253E-4,3.194063526917527E-4]}
{"topic":39,"termIndices":[25,58,27,1477,1170],"termWeights":[6.850168486690242E-4,5.272756449762611E-4,5.146530548939969E-4,4.6363676816934776E-4,4.492760219049806E-4]}
