{"topic":60,"termIndices":[1,3845,5,12,6],"termWeights":[0.0013937859804434986,0.0013308429129731797,6.630344696910339E-4,6.350813398866256E-4,6.280647279484872E-4]}
{"topic":61,"termIndices":[13,782,2,0,39],"termWeights":[7.212605444517534E-4,5.625573323169356E-4,5.143465055651713E-4,4.6170011396746443E-4,4.5973338340800043E-4]}
{"topic":62,"termIndices":[3,180,1,52,398],"termWeights":[3.5341209897017683E-4,3.488489837163047E-4,3.358274900386084E-4,3.3204301637346917E-4,3.222292614094819E-4]}
{"topic":63,"termIndices":[29,106,44,3893,241],"termWeights":[2.3612675980523725E-4,2.066538597298025E-4,1.9778715627261203E-4,1.9624786080479158E-4,1.9408540757941475E-4]}
{"topic":64,"termIndices":[3441,4648,6588,1758,4505],"termWeights":[1.6516839464494662E-4,1.6034018284377568E-4,1.5849198092682075E-4,1.5809567280772105E-4,1.576176983139589E-4]}
{"topic":65,"termIndices":[1,4,6,10,8],"termWeights":[9.604259521660588E-4,8.034418968005256E-4,7.994918415361267E-4,7.727903465324622E-4,7.575915754492124E-4]}
{"topic":66,"termIndices":[28,233,314,1997,70],"termWeights":[6.426766739708521E-4,6.396951290857118E-4,6.039536752660338E-4,4.787747729458418E-4,4.344653044473229E-4]}
{"topic":67,"termIndices":[28,1,1674,4,2159],"termWeights":[9.114567450312677E-4,7.741537731505908E-4,7.344444493182333E-4,6.451904127575586E-4,6.400405950198796E-4]}
{"topic":68,"termIndices":[2167,1441,2873,3,6070],"termWeights":[0.0016491624274464743,0.0015988422336957744,0.0013528026049074997,0.0011263612973851516,0.0010509301691118416]}
{"topic":69,"termIndices":[3081,14,7,3777,142],"termWeights":[8.683814030059266E-4,6.540550389733169E-4,5.713895544189423E-4,5.579424664771825E-4,5.37309457854175E-4]}
{"topic":70,"termIndices":[0,4,6,8,19],"termWeights":[7.154835756065756E-4,5.674456998225698E-4,5.596511087296729E-4,5.42390057451043E-4,5.372299804342341E-4]}
{"topic":71,"termIndices":[1096,2934,1529,14,2707],"termWeights":[6.043253225407331E-4,3.8667750466109724E-4,3.2661064513327543E-4,2.647236212794595E-4,2.595739635056287E-4]}
{"topic":72,"termIndices":[7,16,5,6,0],"termWeights":[7.536074813484589E-4,6.255140551249094E-4,5.63333741946932E-4,5.49498189548502E-4,5.360149017376786E-4]}
{"topic":73,"termIndices":[1654,72,151,19,437],"termWeights":[2.6382815242483216E-4,2.4184700991545274E-4,2.345595460208166E-4,2.208471154183138E-4,2.160435228290823E-4]}
{"topic":74,"termIndices":[2553,4,55,31,9],"termWeights":[4.538665513237814E-4,4.356417625611346E-4,3.3006780240344113E-4,3.194381896861669E-4,3.1267818753340535E-4]}
{"topic":75,"termIndices":[2,1,13,237,0],"termWeights":[5.351766505497712E-4,3.305940952212392E-4,2.9059243394251923E-4,2.7973678566869275E-4,2.723331979033725E-4]}
{"topic":76,"termIndices":[5736,3,28,9,4],"termWeights":[0.0010448257204792601,8.137195555849702E-4,6.330025072431051E-4,5.983555744453192E-4,5.960398374871169E-4]}
{"topic":77,"termIndices":[8,2,20,3,1],"termWeights":[6.260630883494827E-4,5.968920413869912E-4,5.767944705174784E-4,4.76073876776605E-4,4.405167411134026E-4]}
{"topic":78,"termIndices":[230,1671,1881,6966,76],"termWeights":[5.560985903293579E-4,4.777361039472291E-4,4.60349422867737E-4,4.1463542823481415E-4,3.880654126407395E-4]}
{"topic":79,"termIndices":[4448,11,177,20,6],"termWeights":[4.127796828935518E-4,3.392542687975354E-4,3.383380237438964E-4,3.3766955814933184E-4,3.304523131009345E-4]}
