{"topic":0,"termIndices":[3,3363,4,1,187],"termWeights":[0.001332748995866747,9.80094933214784E-4,9.794266674978177E-4,8.465432023691857E-4,8.079252842749914E-4]}
{"topic":1,"termIndices":[655,1376,4,23,3250],"termWeights":[5.644710372264889E-4,4.916533583665265E-4,4.757605037511748E-4,4.750192784436488E-4,3.644506141573636E-4]}
{"topic":2,"termIndices":[2765,12,3,6,1619],"termWeights":[0.001235080090768062,6.789126387905419E-4,5.960262541680532E-4,5.914974297651718E-4,5.7554076513197E-4]}
{"topic":3,"termIndices":[3197,750,4,20,13],"termWeights":[5.03110348724902E-4,4.7550496314077223E-4,4.1509581531956797E-4,4.030393928464948E-4,3.902030005815393E-4]}
{"topic":4,"termIndices":[4142,6782,9,2007,0],"termWeights":[5.976657362791886E-4,5.792822117430132E-4,4.5365969491333686E-4,4.249339138101587E-4,4.0829888582384486E-4]}
{"topic":5,"termIndices":[713,366,44,8203,234],"termWeights":[4.223352690317821E-4,3.9479962054638E-4,3.9467326733708585E-4,3.542741431134387E-4,3.4005360507576157E-4]}
{"topic":6,"termIndices":[1,0,36,21,20],"termWeights":[8.980227233583171E-4,8.271172491707257E-4,5.854796078210928E-4,5.844448853943228E-4,5.70458350297246E-4]}
{"topic":7,"termIndices":[220,7,3292,1,9],"termWeights":[2.494514421221257E-4,2.0379363113805557E-4,1.8592218820317577E-4,1.7773903942624057E-4,1.7503747270008726E-4]}
{"topic":8,"termIndices":[10,13,14,3,0],"termWeights":[4.997399675841154E-4,4.650539671640511E-4,4.600212976352619E-4,3.9985002015229914E-4,3.946018234279553E-4]}
{"topic":9,"termIndices":[1907,3,9,0,25],"termWeights":[0.0015327851650227984,0.0011488576162690734,9.324829536529854E-4,9.282301889812065E-4,8.218451568377059E-4]}
{"topic":10,"termIndices":[2,3,1,0,8],"termWeights":[0.003382680746286725,0.0025338190158181017,0.0019789738441607376,0.0019520847391196257,0.0019505466194720148]}
{"topic":11,"termIndices":[1430,65,28,1015,5],"termWeights":[4.7675611481154504E-4,4.7174003527403495E-4,4.616985226954653E-4,3.990110634503369E-4,3.969622164065841E-4]}
{"topic":12,"termIndices":[5172,0,1736,1,10],"termWeights":[0.0011894922394191487,0.0011788889838965494,0.001135509942260003,0.0010585792865008973,8.091255557551378E-4]}
{"topic":13,"termIndices":[1,4,3,7,0],"termWeights":[0.0012932803580416616,0.001276269909587983,0.0011988186875152983,0.0011713639230599394,0.0011623905674465744]}
{"topic":14,"termIndices":[2119,1654,2953,983,0],"termWeights":[0.0028623603757549068,0.002052596468306704,0.0012588850303179744,0.001122575152884996,0.0010531184083483022]}
{"topic":15,"termIndices":[1,6,13,35,30],"termWeights":[6.885083071726394E-4,5.71456039066067E-4,4.250990617317503E-4,4.0120547014443675E-4,3.8646171669753416E-4]}
{"topic":16,"termIndices":[1168,9,4703,2,21],"termWeights":[0.0011445396611652764,7.368883284778298E-4,7.36599254436226E-4,7.067889467095754E-4,6.201395863243475E-4]}
{"topic":17,"termIndices":[0,1,10,3,13],"termWeights":[0.0021953461024339493,0.001535845474803772,0.0014373479396465247,0.0011574734218119398,0.0010261615440833507]}
{"topic":18,"termIndices":[1,29,0,19,25],"termWeights":[0.0010229140701682275,6.683114888369333E-4,6.283486377650895E-4,5.336085672345953E-4,5.155766614882733E-4]}
{"topic":19,"termIndices":[0,268,25,4502,3447],"termWeights":[6.097477265475877E-4,4.5155456696353597E-4,4.305319272698841E-4,3.944608774419621E-4,3.9197807031249364E-4]}
