{"topic":40,"termIndices":[1994,2,0,4314,1],"termWeights":[0.0016047561993125328,0.0012323291420731812,0.0010775578016085155,0.0010716904343195247,9.693658674570545E-4]}
{"topic":41,"termIndices":[21,2565,4,10,2957],"termWeights":[9.708146552463858E-4,9.53711303316123E-4,6.998640529188555E-4,6.822243398008555E-4,6.337849252300685E-4]}
{"topic":42,"termIndices":[4896,0,1,3326,5],"termWeights":[0.001123023788086872,9.561071330626452E-4,6.875047595439847E-4,6.580553189083637E-4,6.567825094900268E-4]}
{"topic":43,"termIndices":[288,277,1039,2573,1378],"termWeights":[3.0372377846012155E-4,2.727459345533672E-4,2.675106212146954E-4,2.202330344660715E-4,2.062979639687848E-4]}
{"topic":44,"termIndices":[6,0,58,10,68],"termWeights":[4.616619525141514E-4,4.5916968895702565E-4,4.101322277962932E-4,3.8113914313743003E-4,3.2983865301561776E-4]}
{"topic":45,"termIndices":[9,28,3,41,65],"termWeights":[5.102707330906368E-4,4.915723867802097E-4,4.480568541864243E-4,3.826928968316246E-4,3.693230849425116E-4]}
{"topic":46,"termIndices":[1086,673,3,2837,1358],"termWeights":[0.004664956908544691,0.0011042993116159373,8.083548807442937E-4,7.977420906011054E-4,7.662798716598903E-4]}
{"topic":47,"termIndices":[0,1,2,8,23],"termWeights":[9.557691719589786E-4,9.554865872241139E-4,9.172226993583799E-4,8.569589225423988E-4,8.404723315606004E-4]}
{"topic":48,"termIndices":[2230,12,1,760,6],"termWeights":[0.001977992519276601,6.34400702301463E-4,5.588990418481724E-4,5.346322060407785E-4,5.204717646285377E-4]}
{"topic":49,"termIndices":[34,2039,16,838,19],"termWeights":[9.630121178280543E-4,9.043352479530153E-4,8.759599779413573E-4,8.2180412862442E-4,6.437414463143881E-4]}
{"topic":50,"termIndices":[0,2,6,132,12],"termWeights":[5.178795631638986E-4,5.014115810416068E-4,4.8258700457926815E-4,4.8140128586204314E-4,4.4663244916114494E-4]}
{"topic":51,"termIndices":[2760,1431,17,3,30],"termWeights":[0.0030060234249447535,0.002472991654313674,0.0013262656942459067,0.0012782229819363925,0.0011651674126903796]}
{"topic":52,"termIndices":[18,2,42,33,3],"termWeights":[6.999819822212396E-4,5.895606683935801E-4,4.96961058919541E-4,4.8396976023399436E-4,4.775389356607821E-4]}
{"topic":53,"termIndices":[20,389,13,3,2],"termWeights":[5.110696201743662E-4,4.736554241979676E-4,4.6632897180699453E-4,4.511244426256135E-4,4.31573820324707E-4]}
{"topic":54,"termIndices":[0,5,6562,12,2],"termWeights":[7.655212791730989E-4,6.977937744255587E-4,6.773763682124054E-4,6.394922543865131E-4,6.236556210370789E-4]}
{"topic":55,"termIndices":[1,17,16,748,4682],"termWeights":[4.396024870762751E-4,4.086490362972838E-4,3.7502469417008644E-4,3.609644935292861E-4,3.454542952388532E-4]}
{"topic":56,"termIndices":[1,0,2,3,4],"termWeights":[0.009165725812584158,0.00906924369789467,0.008637224635838742,0.008579959945079913,0.007555674922827888]}
{"topic":57,"termIndices":[151,43,0,2719,40],"termWeights":[7.548756598105853E-4,7.486940509188698E-4,7.367209497246086E-4,7.064534870389776E-4,6.500194422156794E-4]}
{"topic":58,"termIndices":[3951,40,1126,172,3852],"termWeights":[6.644648123225069E-4,5.215356583643211E-4,4.945400294042509E-4,3.6001583118785405E-4,3.4987880258902874E-4]}
{"topic":59,"termIndices":[4,2,1,163,924],"termWeights":[5.103770953887252E-4,4.223116798591399E-4,3.822184748955484E-4,3.4067199533621543E-4,3.2120379754021025E-4]}
