{"topic":60,"termIndices":[2549,5006,4417,2554,5767],"termWeights":[0.006554181561640388,0.004976078052902417,0.0049187431449493405,0.004901283245740282,0.004656236896584933]}
{"topic":61,"termIndices":[3284,6515,3641,3639,5166],"termWeights":[0.008391249985921577,0.00481279221748158,0.004418569739242836,0.00428098976915937,0.004267972855146138]}
{"topic":62,"termIndices":[3916,4408,4682,3617,5783],"termWeights":[0.0039106234060375805,0.0025863705513813414,0.0016633573964584647,0.0016622296711873664,0.001160195891743777]}
{"topic":63,"termIndices":[3051,1922,8015,2568,4082],"termWeights":[0.008513859250741653,0.007289448443937826,0.00507665465562815,0.004718906841761136,0.00425785022240179]}
{"topic":64,"termIndices":[6386,7782,4889,3355,2766],"termWeights":[0.004088431467661108,0.0015327414466572936,0.001501943207915094,0.0011475539159633654,9.196310065330307E-4]}
{"topic":65,"termIndices":[1996,1025,2431,2342,2182],"termWeights":[0.008951853550075722,0.007707603572296574,0.005441972882227281,0.004962066223882072,0.0049305737822130215]}
{"topic":66,"termIndices":[2656,2698,2522,3550,2029],"termWeights":[0.013601911099526262,0.009287319186280755,0.009046321111598858,0.005705917659769204,0.0051888720082625284]}
{"topic":67,"termIndices":[2694,4516,986,5439,4267],"termWeights":[0.00886669461737624,0.0075908527682972005,0.005396812869359043,0.005039564329778608,0.004578090865533826]}
{"topic":68,"termIndices":[1136,4101,3343,3206,4392],"termWeights":[0.01739698962129534,0.006187933503381652,0.005699019659936742,0.005297492150522146,0.005201253430956169]}
{"topic":69,"termIndices":[1335,2365,3080,1386,570],"termWeights":[0.014206201062213273,0.0073009770754731956,0.006586407136964545,0.006584175944864428,0.005887535559628966]}
{"topic":70,"termIndices":[5040,2019,4697,3355,5379],"termWeights":[0.00999915396619802,9.598706227358564E-4,9.104691228660434E-4,8.641846653857192E-4,8.464059929631295E-4]}
{"topic":71,"termIndices":[1578,5183,4730,5355,4508],"termWeights":[0.0070349713116474085,0.006435100887356277,0.006270335558525778,0.005283862733846198,0.00505572071028356]}
{"topic":72,"termIndices":[713,727,680,1664,2361],"termWeights":[0.006985372352414439,0.0062892895478324565,0.006240840728187788,0.00567734421986225,0.005185816168067352]}
{"topic":73,"termIndices":[7509,4440,5744,7716,4945],"termWeights":[0.003076464842426685,0.0023401321529708517,0.00222615661168454,0.0021338111667495835,0.002009723605232936]}
{"topic":74,"termIndices":[2653,2212,3088,1852,2288],"termWeights":[0.005368399860715208,0.0047183825075719985,0.004459408533019905,0.004017349452207245,0.0039802496642399945]}
{"topic":75,"termIndices":[2761,4056,3983,4415,3880],"termWeights":[0.008953164868709245,0.006719817866796261,0.005768792293992246,0.004994756097924168,0.003712046113609891]}
{"topic":76,"termIndices":[1432,1735,1713,2764,1893],"termWeights":[0.016969777350370155,0.013549127570759241,0.013508228633069067,0.010557245044819448,0.008711372046155153]}
{"topic":77,"termIndices":[1955,1745,2882,962,6456],"termWeights":[0.007350321257552973,0.006978592799556069,0.006138431666125661,0.005764367284680886,0.005338927479030203]}
{"topic":78,"termIndices":[3771,1655,5478,6876,3716],"termWeights":[0.001459970673145146,0.0012117159383076372,0.0011748400874708733,9.241726213769716E-4,8.106278769825356E-4]}
{"topic":79,"termIndices":[2231,3054,760,4162,2790],"termWeights":[0.01467160114715014,0.007686303863420427,0.0021906692933342116,0.0015710346293418746,9.932120854191076E-4]}
