{"topic":20,"termIndices":[841,1882,2332,3622,2306],"termWeights":[0.014175474187135006,0.007804963530456595,0.0060925048665411135,0.005566647081822569,0.005392055208386306]}
{"topic":21,"termIndices":[1935,3658,2485,1612,2796],"termWeights":[0.0165486535281057,0.007025228754869411,0.0054848080634346055,0.0043827747180785635,0.004279453328126544]}
{"topic":22,"termIndices":[268,2449,6064,2441,2666],"termWeights":[0.026093793558040528,0.009937922512803695,0.004297057515257178,0.00388709738305025,0.003431653821228281]}
{"topic":23,"termIndices":[2662,3363,1726,2904,3020],"termWeights":[0.006192424471754318,0.005582558892829531,0.005224070216408098,0.004873333212911438,0.004127376826161522]}
{"topic":24,"termIndices":[2120,1908,1657,720,2843],"termWeights":[0.010665469655294604,0.009525272873067248,0.006292651863828604,0.006150807405759927,0.0057009619716018615]}
{"topic":25,"termIndices":[1210,3271,2484,854,6795],"termWeights":[0.005938623151530552,0.005459250527116722,0.005230716629081859,0.004147339759882073,0.002878317117868387]}
{"topic":26,"termIndices":[1114,223,3144,505,45],"termWeights":[0.003982319846727622,0.003273950620905887,0.003147129650905345,0.002923334091561704,0.002901098002891711]}
{"topic":27,"termIndices":[8601,4404,5295,1454,2806],"termWeights":[0.004235369677183717,0.0032910493608652516,0.0032815078570183637,0.003077899984664694,0.0030344739997047528]}
{"topic":28,"termIndices":[2766,2308,4063,2605,6611],"termWeights":[0.01702194180138463,0.0056663364060859445,0.002226270330333422,0.0021765420358350225,0.0020600323696858634]}
{"topic":29,"termIndices":[4509,5974,4684,3012,1054],"termWeights":[0.005225230004962057,0.0034437683889659587,0.003410326339715644,0.0034040627548993637,0.0032871049678113036]}
{"topic":30,"termIndices":[1168,3146,4046,1454,1036],"termWeights":[0.00918346456700311,0.005368310453787051,0.00530179565462431,0.004859574046482623,0.0037466243924099375]}
{"topic":31,"termIndices":[2057,3553,2950,2348,6214],"termWeights":[0.012729671395997252,0.008329572504508167,0.006442821496719273,0.005411364093797628,0.00522899769588759]}
{"topic":32,"termIndices":[962,639,382,1047,232],"termWeights":[0.004470799007289219,0.003517604953780922,0.003514381268270289,0.003480200806422787,0.0034698152141776142]}
{"topic":33,"termIndices":[1274,4319,2758,3816,4243],"termWeights":[0.02043774180413268,0.008165522694498394,0.006021868939819862,0.005887957346231065,0.005459037981898033]}
{"topic":34,"termIndices":[2141,3434,4363,2326,4471],"termWeights":[0.010695228733429686,0.0070477502987284675,0.005376921051110597,0.004481541621105175,0.0036566770849388655]}
{"topic":35,"termIndices":[1903,1456,3844,2647,5625],"termWeights":[0.011343248608084805,0.004778859844673806,0.004353143377955512,0.004176864857953105,0.00375153580231952]}
{"topic":36,"termIndices":[4176,6474,4172,6185,2680],"termWeights":[0.007006897341132121,0.006977038834160232,0.005952403600139628,0.0038648036282180357,0.00341576549525481]}
{"topic":37,"termIndices":[4866,1823,4595,5967,5634],"termWeights":[0.007075112839952926,0.00559224134443605,0.004490980046132841,0.004103646509171469,0.0023116426175859134]}
{"topic":38,"termIndices":[4702,3414,2601,320,3686],"termWeights":[0.002211750385475016,0.001330511164581476,0.001207878718643169,0.0011997100050091208,0.0011881124602352343]}
{"topic":39,"termIndices":[6025,8377,231,5906,2178],"termWeights":[0.006228773414940409,0.0020417337818224857,0.0013138715855633405,0.0012922617977582087,0.0012482788111926669]}
